{"cameraMode":{"drawMode":0,"name":"Shaded","section":"Shading Mode"},"sceneLighting":true,"audioPlay":false,"sceneViewState":{"m_AlwaysRefresh":false,"showFog":true,"showSkybox":true,"showFlares":true,"showImageEffects":true,"showParticleSystems":true,"showVisualEffectGraphs":true,"m_FxEnabled":true},"in2DMode":false,"pivot":{"x":-2.2041265964508058,"y":-0.23698413372039796,"z":4.590735912322998},"rotation":{"x":-0.11653225868940354,"y":0.1819087266921997,"z":-0.02170206606388092,"w":-0.9761759638786316},"size":4.365127086639404,"orthographic":false}